<pagescount>
	<total_html_pages>7</total_html_pages>
	<html>7</html>
	<img>5</img>
	<js>2</js>
	<css>18</css>
	<pdf>0</pdf>
	<xml>0</xml>
	<txt>0</txt>
	<fonts>15</fonts>
	<is_pretty_url>false</is_pretty_url>
	<is_ebn>false</is_ebn>
	<theme_name>WDO_theme</theme_name>
	<server_url_front_page>https://www.waybackmachinedownloader.com/website-downloader-online/scraping/files/live/double2btc.top_rotsenmondoy84_gmail.com_8r0ki6cirfv</server_url_front_page>
	<hosted_domain>hosted_domain</hosted_domain>
</pagescount>